id, Card Holder Name, PAN, Card Expiration Date, Balance
0, Elsie-May Smith Allman, 6709157263619735, 08/26, 50699.000000, 0
1, Eissa Martin Wormald, 6706337732930409, 06/25, 9592.000000, 0
2, Milly Cyrus Gibbsons, 670995485543707426, 12/28, 89874.000000, 0
3, Edward Harris Longou, 67716239517846141, 11/23, 4792.000000, 0
4, Ireland Gimley Skywalker, 6304481020574952, 07/26, 85955.000000, 0
5, Estebano Jorge Woody, 677107433663180024, 04/25, 72328.000000, 0
6, Leah Anakin Jacobson, 6771774265286868, 09/27, 35382.000000, 0
7, Tiara Samuel Danielle, 6304265239576218014, 08/26, 57146.000000, 0
8, Anyana Martin Fisher, 67098106522151734, 04/29, 73265.000000, 0
9, Sanai Jeff Patterson, 6709005539596117921, 01/24, 30381.000000, 0
10, Annalise Harry Mills, 6709580645977495787, 05/28, 21808.000000, 0
11, Tomas HufflePuff Freeman, 6706894289251421628, 08/21, 11157.000000, 0
12, Alexandera Neon Mills, 63040095583322805, 06/26, 81511.000000, 0
13, Londyn  Robert Sawyer, 6304891229244381, 12/29, 78300.000000, 0
14, Katie Bryant Oswaldo, 67095948047506949, 11/24, 51243.000000, 0
15, Nathaniel Roux Smallings, 6709292472605629, 07/27, 48621.000000, 0
16, Jaylen Neymar Augustus, 6709688048529005, 04/26, 77972.000000, 0
17, Mohamed Salah Cooley, 6706635558482219, 09/28, 86019.000000, 0
18, Nathanael Drake Velez, 67096555614428370, 08/27, 48262.000000, 0
19, Juliane Thomas Gates, 63048179815363852, 04/30, 46599.000000, 1
20, Rene Weiler Lambings, 6771654209871225, 01/25, 4000.000000, 0
21, Arianna Mosimane Ray, 6706513894593652, 05/29, 0.000000, 0
22, Khalil Mahmoud Baldwin, 67718594750181160, 08/28, 40605.000000, 0
23, Donnavan Jeffrey Fry, 6709905067347808, 08/27, 47600.000000, 0
24, Riley Walter White Glass, 6771719005952550, 06/26, 53644.000000, 0
25, Saul Goodman Odinkerk, 67066405796302033, 12/29, 40629.500000, 0
26, Kieran Gate Mann Drink, 677127444535685112, 11/24, 18000.000000, 0
27, Jaliyah Lawd Hessangs, 630454394873403705, 07/27, 71200.000000, 0
28, Brett Lloyd Schmidtt, 67097011467814760, 04/26, 42359.000000, 0
29, Aracely Robin Hood Berry, 6771723153640090471, 09/28, 35945.000000, 0
30, Maddox Everett Gatsderry, 6304182307985024, 08/27, 23437.000000, 0
31, Tyrone Okinshield Strick, 6706814056692192002, 04/30, 75919.000000, 0
32, Yoselin Yaris Rosa Parks, 6771199012182943270, 01/25, 70000.000000, 0
33, Alexandria Lore Lynch, 6304951528459484, 05/29, 85909.000000, 1
34, Gaven Harden Flowers, 63045854865174374, 08/28, 82199.500000, 0
35, Bryant Milly Gibbson, 670996805321605105, 06/27, 17945.000000, 0
36, Julia Norton Ingrammy, 6709044908764938207, 12/30, 11344.000000, 0
37, Katelynno Larry Blake, 6771038192308469452, 11/25, 43198.000000, 0
38, Ezekiel Ehrmentraut Roac, 670994492267196407, 07/28, 82053.000000, 0
39, Aliana Morris Cooper, 67060721645739332, 04/27, 49800.000000, 0
40, Kamden Sheldon Gould, 6706299648964684338, 09/29, 39000.000000, 0
41, Alena Miles Morales Ryan, 677185307052882116, 08/28, 73340.000000, 0
42, Amaris Borris Reid Sam, 6771450099064744, 04/31, 85600.000000, 0
43, Jan-Lydia Shyle Mcneil, 6709846600771205, 01/26, 88219.000000, 0
44, Aditya Debbie Simone, 6709313928439320, 05/30, 24252.000000, 0
45, Kinley Jacob Salasoa, 6709764662039036846, 08/29, 24345.000000, 0
46, Ian Ishmael Charnney, 6709312551735029311, 08/28, 5308.000000, 0
47, Danika Maichel Preston, 6709836467857122, 06/27, 28188.000000, 0
48, Brettney Spears Choi, 677114036587213341, 12/30, 63571.000000, 0
49, Jessie Pinkman Oddome, 670651745382068882, 11/25, 74214.000000, 1
50, Janet Keely Heras Villa, 63045285550423661, 07/28, 82965.000000, 0
51, Dalton Mount Shaffer, 6771935100748954, 04/27, 44000.000000, 0
52, Serena Gomez Chapman, 6771348791547051388, 09/29, 27590.000000, 0
53, Camille Cabello Moore, 6709679931038527, 08/28, 40276.000000, 0
54, Layton Nellie Levine, 6771854231146626, 04/31, 54941.000000, 0
55, Lillian Steve Rogers, 6709310116816228, 01/26, 71400.000000, 0
56, Baylee Tony Hardings, 670903873727969113, 05/30, 40260.000000, 0
57, Brylee Tom Holland Gall, 6771339640767673994, 08/29, 8591.000000, 0
58, Aurora Peter Boyer Huynh, 630494478106065282, 06/28, 2411.000000, 0
59, Shyanne Norman Burke, 6304159809666340230, 12/31, 55000.000000, 0
60, Jasper Osborn Branch, 6304361143113876693, 11/26, 16518.000000, 0
61, Ireland Oswald Vangando, 6771456543116518935, 07/29, 73190.000000, 0
62, Roger Roger Mcconnell, 67710845166543114, 04/28, 56700.000000, 0
63, Jacquelyn Kriekaards, 670607262794950041, 09/30, 3750.000000, 1
64, Miah Skywalker Mcclure, 63040348890465902, 08/29, 24000.000000, 0
